zipcode,population
60629,341748
79936,333258
11368,329793
926,326586
90650,316647
90011,311676
91331,311067
11226,304716
90201,303837
11373,302460
11220,298794
11385,295776
10467,291180
92335,286191
77084,285411
10025,283800
11208,283407
90280,283188
77449,283146
11236,281631
78521,281454
90805,280572
11207,280158
90250,279579
8701,278529
11219,276663
60623,276324
60618,276252
91342,275175
60632,273978
60639,271221
11211,270351
11377,269490
90044,269337
92683,269241
725,268122
75052,266988
11214,265890
92336,265257
92704,264369
11234,263271
60647,261873
10456,259641
11230,259224
92804,257742
11355,257613
10314,256530
91744,255120
94565,253923
60804,253719
92503,253557
11212,253500
60617,252465
91911,248997
60608,248217
93033,248184
93307,247974
95076,247422
949,246834
11206,245031
92376,244548
10002,244230
91710,241074
75217,240972
30043,240723
11229,240054
92154,239124
30044,239103
10458,238476
94112,238221
956,237912
11235,237396
11221,236685
11223,236193
92345,236145
60625,235953
37013,235218
10453,234927
11204,234402
79912,231483
87121,230163
90706,229845
60505,229719
91706,229713
93722,229344
11203,228522
10468,228309
10029,228009
91910,227406
10462,227352
10452,226113
78572,225663
11218,225660
92509,225588
90255,225198
93257,225012
93550,224787
85364,224712
91709,224388
37211,224265
75070,224202
77479,223542
66062,223233
91335,223089
60634,222894
95823,221955
92553,221166
92126,220029
75211,219438
22193,219141
94544,219078
953,219042
75034,218169
93065,217524
92592,217476
23464,217077
96797,216867
77429,216792
33012,216744
60620,216648
60628,216606
95630,216540
93535,216138
77036,215907
77450,215667
93727,215460
60085,215142
60641,214989
91766,214797
77573,214740
28269,213144
89110,212982
93536,212754
78577,212520
77083,212511
63376,212484
77379,211632
10457,211488
92805,211203
77584,210684
89108,210369
91402,209451
7055,209448
92105,209439
85225,209430
21234,209256
90262,209235
93274,209163
45011,209031
80013,208764
94587,208548
94110,207999
94533,207831
11209,206559
94536,206370
78660,206367
11375,206199
84118,204885
99301,204573
19120,204312
10463,203910
92882,203751
90026,203607
10466,203439
90631,202857
30349,202806
90022,201537
33186,201411
11746,201282
11233,201159
612,201030
47906,200916
97007,200862
95035,200829
91730,200775
37042,200748
94558,200490
29483,200193
19124,200073
11372,199908
10469,199893
60614,199851
75228,199653
7087,199545
77095,199506
10472,199074
90003,198798
30281,198420
60657,197988
60640,197370
27610,196944
85032,196455
92703,196335
92114,196299
93230,195792
33411,195735
976,195408
78613,195297
95687,195288
92021,195204
95206,195012
60609,194718
19143,194547
20906,194088
30024,193842
93306,193761
78046,193644
90019,193374
30022,193077
60651,192801
44035,192789
89121,192288
94080,191925
33024,191748
14850,191658
85308,191628
78596,191532
78666,191508
60619,191475
33311,191358
11213,191301
8753,191034
987,190983
33023,190728
33015,190632
11215,190464
60402,190344
6902,190218
10701,190179
92677,189891
78542,189879
33157,189678
75002,189420
48180,189393
19111,189270
97006,189108
7002,189093
90660,188784
96706,188190
90640,187647
11706,187629
84015,187482
20878,187338
94509,187317
80015,187296
90042,187290
90037,186828
30096,186795
95123,186684
90004,186540
30062,186408
91770,186291
92562,186237
92801,186204
44256,186117
11210,186024
95624,185967
23462,185919
17603,185919
30135,185736
21740,185577
92201,185481
94541,184905
87114,184869
77494,184800
92627,184530
34953,184482
91732,184158
76063,184083
10009,184041
95127,183975
80219,183888
78501,183657
94538,183444
48197,183396
93905,183261
693,183114
2301,183075
10023,182994
75067,182946
53215,182859
94015,182781
85204,182655
7093,182652
11432,182427
7047,182319
11717,182235
95014,182151
19134,182025
46307,181857
89031,181767
21122,181728
23322,181419
10128,181359
6010,181344
95758,181305
76244,181164
30127,181041
91950,180966
23454,180849
91343,180762
94501,180636
44060,180633
85301,180483
21215,180483
7305,180312
11691,180105
60073,180006
94806,179583
76028,179232
10027,179121
91702,179115
60016,179070
28277,178992
90731,178986
30047,178980
43055,178815
43130,178710
78130,178638
2148,178509
92707,178476
15601,178449
93906,178383
30052,178353
95608,178254
78520,178224
75040,178218
93030,178116
23452,177963
10312,177912
10024,177849
37075,177768
19720,177750
90006,177555
92630,177546
11434,177387
32210,177240
79924,177174
10977,177144
33025,177117
97701,176979
90813,176733
78228,176433
89115,176382
92880,176289
75150,176190
92115,175680
20011,175608
10473,175557
95111,175398
98052,175326
43123,175272
93309,175227
727,175146
91977,175104
95355,174933
92404,174813
97229,174651
680,174420
60411,174408
75043,174282
87120,174069
92507,174006
2155,173892
90034,173892
32828,173643
95828,173586
45601,173526
92020,173301
30906,173244
92780,173223
87105,173040
33027,172989
22191,172794
74012,172578
85705,172563
73099,172476
32244,172107
20874,172101
95020,172047
85281,172044
10032,171993
10460,171933
90745,171753
92647,171735
90001,171330
46227,171258
78574,171213
91761,170739
60453,170565
11225,170487
93312,170223
924,170073
92407,170067
95122,169635
77072,169578
78245,169533
92324,169515
44077,169473
87111,169470
27406,169374
10031,169314
11550,169305
84404,169089
32765,169047
70072,169032
91605,169029
89123,168900
77459,168822
2360,168813
63021,168783
7728,168771
85345,168624
77840,168513
33165,168447
85008,168435
92113,168198
75149,168195
33313,168117
10003,168072
94122,168069
92708,168012
43081,167973
22003,167970
94109,167952
8854,167883
95112,167781
10306,167727
78586,167634
91762,167571
66061,167415
40475,167409
21222,167358
27858,167343
90063,167274
76010,167118
93215,166977
42101,166944
43701,166929
78745,166842
6516,166692
78207,166542
19020,166479
28027,166305
93458,166293
89117,166248
75243,166218
31907,165996
90066,165831
92646,165672
8901,165669
60056,165657
85706,165627
19446,165414
79907,165396
80134,165225
22030,165198
745,165186
2169,165165
33647,165102
75227,165087
60638,165078
19149,165018
28655,164988
45840,164937
22407,164886
65807,164856
85041,164841
92346,164769
76137,164733
78250,164709
11354,164634
92392,164574
43302,164370
7470,164151
78045,164139
603,164067
30040,163959
96817,163884
20904,163836
77373,163827
94513,163815
28314,163560
38401,163407
12550,163341
85710,163317
8527,163176
30101,163119
93063,163098
20019,163074
95051,162981
11216,162948
94087,162879
96744,162741
10016,162549
19140,162399
96789,162387
90723,162297
92057,162288
30331,162282
60630,162279
91764,162258
20147,162258
92840,162249
43026,162051
93436,162051
91745,162039
7111,161826
89030,161784
10033,161778
92701,161724
92563,161676
92027,161643
90744,161445
11758,161412
29732,161343
92504,161334
21117,161334
72401,161301
33463,161298
729,161250
33414,161154
33161,161130
90221,161112
92570,161091
11435,161061
21061,161052
73160,160998
28215,160887
77015,160863
12180,160818
30721,160803
6511,160800
29445,160764
77346,160734
14221,160665
79938,160560
97301,160554
32218,160419
75061,160326
92071,160266
791,160251
22192,160182
30093,160053
24060,159933
65203,159921
45140,159801
93117,159651
33175,159618
33177,159573
78550,159456
8861,159297
27587,159234
84119,159231
48103,159171
7083,159159
94591,159126
78852,159120
85033,159111
30004,159099
32822,159087
32825,159072
60506,159039
30263,159024
95670,158919
33064,158907
30058,158835
30066,158808
78664,158796
27834,158742
60440,158733
98682,158679
61761,158637
80634,158583
93291,158547
45044,158466
30041,158247
91801,158205
55106,158190
63129,158154
33125,158031
7306,158007
45013,157839
92399,157818
33142,157818
30075,157719
60622,157644
85009,157560
92571,157548
32225,157455
17602,157356
93308,157341
27410,157164
19382,157164
30188,157140
20002,157110
29730,157095
19320,157026
48044,156867
30144,156756
44107,156732
99654,156504
77077,156453
28078,156399
48228,156390
37130,156210
92870,156099
83301,156030
33511,156009
95125,155817
33065,155763
55901,155751
19702,155697
95747,155610
34711,155541
43068,155508
92056,155505
2151,155424
19104,155424
98208,155406
23320,155391
92833,155301
23456,155244
91344,155241
85326,155115
75007,154872
91406,154674
92129,154608
736,154596
67401,154497
95116,154488
60148,154404
22554,154389
87124,154212
97045,154077
19067,154002
92117,153996
19711,153966
48823,153906
89129,153756
90002,153669
32837,153657
91786,153495
43230,153483
92234,153453
91405,153435
30016,153420
98012,153408
27284,153408
11201,153384
70065,153348
78240,153333
95350,153138
33063,153057
10011,152952
60120,152865
31419,152862
1960,152832
85122,152826
75025,152778
30907,152739
21206,152538
32068,152445
93551,152394
96734,152238
43228,152211
20744,152166
14094,151998
44130,151917
78223,151911
45040,151881
93277,151821
78681,151818
8081,151767
14580,151761
96818,151758
70726,151749
60004,151746
84095,151698
959,151680
77433,151617
89103,151557
10461,151506
7104,151434
93003,151422
30083,151152
28110,151095
97402,151026
92557,150960
94601,150882
17331,150876
32839,150837
36117,150804
91304,150693
72764,150690
92530,150648
33176,150510
31088,150489
85713,150453
29223,150423
60626,150417
83709,150102
94539,150093
28601,150078
48858,150075
85234,150042
7030,150015
92025,149934
41042,149904
60643,149856
78249,149853
45424,149790
8873,149763
77498,149718
30080,149715
77082,149700
11237,149688
20020,149592
95376,149577
23666,149475
33068,149472
73505,149427
38305,149424
21218,149388
17601,149337
18102,149337
89147,149334
30114,149322
30318,149208
19148,149196
59901,149079
77088,148980
28227,148905
20854,148833
80229,148794
29072,148698
40601,148698
35242,148635
79928,148632
19380,148602
77521,148521
60637,148509
96819,148476
6810,148446
32771,148443
89119,148335
78251,148305
75216,148248
92410,148230
90703,148197
33458,148188
30253,148140
96816,148104
33312,148029
92626,148023
15301,147993
90220,147984
37167,147966
90018,147930
63123,147924
78753,147903
54601,147846
11238,147786
28540,147756
48439,147627
98632,147615
99208,147579
78247,147528
28025,147480
48187,147444
84604,147435
21224,147402
92024,147363
37129,147309
55124,147252
93638,147204
45069,147180
92656,147138
2780,147108
37027,147105
84043,147090
33033,147084
90638,147036
75287,147012
84120,146868
92130,146820
77845,146814
53511,146787
92026,146766
60435,146697
75115,146631
85142,146610
90033,146556
95023,146523
20902,146523
33467,146424
32246,146367
99336,146259
795,146208
93304,146193
78504,146109
77089,146055
85282,146013
60644,145944
38017,145926
93702,145821
90047,145818
80631,145809
90046,145743
63136,145680
46143,145665
60014,145650
96792,145557
63301,145542
60616,145299
80525,145257
10940,145254
76133,145182
97124,145047
60613,144843
63031,144636
75098,144591
42701,144582
78840,144447
21207,144399
37064,144354
43015,144321
91767,144204
76179,144174
92243,144090
90630,143979
20009,143976
95207,143895
23455,143814
92064,143712
77081,143580
75056,143556
91352,143421
2124,143349
28645,143109
23223,143031
92505,143016
23434,143010
92084,142962
6457,142944
77546,142908
11224,142863
48185,142854
97206,142788
90016,142788
92691,142746
21228,142731
75035,142659
32174,142656
44646,142575
98023,142530
92128,142470
90247,142461
85035,142458
47150,142416
48126,142395
80011,142383
90024,142356
60123,142215
48066,142164
32303,142077
95648,142062
7003,141936
10459,141924
58103,141906
19145,141783
1844,141747
22204,141699
10950,141678
1841,141675
92692,141666
30032,141666
55044,141654
89052,141642
11419,141633
28216,141624
75093,141561
95240,141516
85374,141438
8540,141345
83646,141294
89074,141285
77099,141273
95124,141246
94553,141195
27603,141099
95616,141096
94014,141042
19335,140952
7105,140949
23112,140946
29681,140937
27107,140889
35215,140853
33147,140799
48219,140793
77093,140787
53209,140751
32792,140742
94550,140688
80504,140628
47374,140625
8302,140616
80020,140613
33126,140601
92037,140343
76116,140238
92879,140235
97223,140097
27265,140070
80012,139995
27713,139980
60649,139950
77511,139881
38109,139782
59102,139692
92886,139692
85365,139674
65202,139641
20176,139518
1201,139512
37122,139389
95351,139374
91765,139371
33614,139347
30236,139302
85022,139185
95060,139131
60126,139113
23185,139110
92069,139107
75006,139092
55303,139056
43229,139041
20850,139020
32808,139002
56001,138981
98902,138966
76051,138960
8816,138894
87401,138879
27705,138846
60115,138816
60586,138753
27407,138726
92028,138717
6606,138708
37421,138684
83686,138672
32703,138621
98115,138618
33010,138561
7052,138546
63366,138525
98225,138516
96720,138495
32304,138435
33018,138351
85201,138276
27360,138252
34787,138249
78227,138231
30064,138228
89101,138165
33193,138132
29720,138123
77070,138051
94568,138048
75060,137940
55304,137901
38654,137868
33021,137763
98103,137733
90023,137709
98270,137697
87507,137670
20171,137661
77064,137541
32608,137526
63303,137502
85254,137403
19464,137364
92109,137361
90032,137358
11590,137304
45238,137280
53711,137184
89122,137160
10451,137139
11757,137100
94086,137091
957,137040
8831,136860
93611,136842
95037,136737
94577,136680
8053,136614
95148,136584
90065,136581
94303,136401
80918,136401
75023,136356
778,136287
91748,136218
80233,136158
48227,136140
75104,136119
33016,136026
78155,136023
18103,136008
92648,135951
39503,135927
78201,135921
40214,135873
15642,135858
77080,135825
60645,135822
95008,135780
38127,135744
6492,135723
33029,135705
92843,135642
21229,135639
30518,135633
2860,135597
93720,135573
49201,135570
30067,135546
32162,135540
95403,135492
90027,135453
43207,135432
10028,135423
1902,135417
30157,135369
36695,135354
90620,135339
14120,135300
61265,135297
28173,135291
92111,135288
77040,135243
48235,135189
91306,135183
29485,135171
95843,135144
27707,135069
27106,135045
44102,135042
96822,135021
88101,135018
90057,134994
7060,134994
49423,134931
33415,134889
91606,134874
78741,134805
37040,134772
728,134724
91790,134721
32725,134715
4401,134697
38128,134589
11772,134511
8021,134499
84010,134463
78254,134451
85283,134439
80123,134385
90043,134367
85037,134313
49424,134280
85207,134232
92544,134202
76017,134172
72034,134169
47130,134166
67212,134121
92705,134118
17701,133983
6082,133962
97405,133935
784,133911
84041,133875
75074,133866
8817,133863
33612,133803
27405,133701
98133,133665
75062,133611
97123,133611
92867,133545
76549,133470
20783,133461
21921,133413
96003,133383
674,133371
97504,133332
48224,133317
33319,133260
92104,133242
21502,133200
90503,133149
55337,133068
11420,133062
33321,132981
84074,132930
98391,132927
22304,132900
78641,132885
91320,132822
65802,132810
13760,132792
19403,132780
33810,132762
29229,132687
80526,132549
78041,132459
98003,132453
95610,132441
34744,132426
63026,132372
60010,132285
87031,132225
84321,132222
78758,132216
48205,132135
53704,132102
75080,132027
92506,132003
85719,131967
73013,131799
28205,131793
80538,131790
98105,131772
45014,131751
32818,131733
46226,131712
91733,131688
20110,131628
66502,131550
32738,131490
7307,131436
61554,131430
92688,131376
36116,131370
33155,131364
31061,131265
44691,131259
7960,131241
62040,131205
92122,131184
93446,131142
78233,131130
94116,131094
98042,131019
46350,130950
29464,130947
10021,130893
46360,130875
33196,130860
92223,130815
11374,130800
2703,130779
87112,130752
89502,130698
93313,130659
44212,130644
63116,130620
2909,130620
33162,130617
79109,130548
90242,130491
57701,130386
33615,130359
71913,130308
24502,130278
74133,130242
92584,130200
12601,130194
39401,130098
63368,130080
30134,130068
8360,130065
11520,130023
19144,129987
77396,129951
662,129846
55125,129843
84062,129807
92102,129801
55112,129750
55104,129744
18104,129708
85029,129699
29501,129660
27606,129630
70816,129582
33055,129582
48183,129546
90501,129540
98387,129519
52001,129519
19131,129516
94928,129510
23669,129444
53081,129387
60201,129375
30034,129339
22015,129306
2740,129261
91789,129237
38016,129237
89131,129216
623,129183
85746,129171
70301,129111
20774,129039
7601,129030
26003,129006
63033,129000
23234,128967
95136,128967
13440,128958
78640,128862
48843,128793
60707,128760
23608,128751
60540,128730
92078,128718
93010,128703
10019,128610
33324,128541
29651,128532
37918,128505
685,128493
78744,128460
16801,128436
12603,128430
73072,128391
85224,128388
11756,128373
2135,128340
48310,128298
76119,128283
37066,128274
95307,128259
60660,128256
98118,128193
78043,128139
92802,128127
80022,128097
54956,128088
28546,128088
27613,128070
30076,128034
95336,128025
60188,127968
17543,127878
20772,127875
34668,127857
92019,127794
80127,127791
94560,127719
14609,127713
8234,127596
7726,127524
42240,127437
78526,127380
42301,127320
92058,127308
78541,127293
91360,127206
92395,127200
90241,127197
90806,127197
84003,127152
77581,127149
49009,127086
53204,127065
8724,127056
95822,127041
48111,126939
27616,126882
54703,126816
28210,126789
11365,126756
21043,126738
46032,126702
11743,126690
10465,126690
75028,126678
969,126657
94546,126627
27604,126612
43232,126603
10304,126579
27615,126498
21221,126462
90025,126441
99205,126411
27529,126384
97501,126351
78704,126351
39759,126324
43204,126312
78040,126249
50613,126093
70560,126066
32708,126036
77055,125967
7036,125910
659,125859
38134,125844
98058,125814
27703,125811
14075,125811
60103,125784
10040,125715
33436,125688
15237,125685
75220,125673
35758,125625
32907,125610
8054,125592
54915,125565
90275,125412
11228,125364
698,125346
12065,125328
32712,125307
19401,125259
10305,125247
38111,125226
98661,125220
33433,125166
30097,125145
21044,125112
84121,125106
93036,125073
93455,125052
14150,125028
60047,125007
30506,125001
47201,124986
54935,124953
55117,124947
32164,124848
30909,124755
18042,124710
2149,124650
77901,124644
23451,124632
60089,124599
602,124560
30039,124551
97330,124416
63017,124410
87123,124404
38118,124395
33617,124329
30252,124284
26554,124107
48307,124107
11003,124068
40324,124026
33179,123996
33020,123987
95831,123963
60564,123936
49221,123930
92040,123843
19139,123813
85711,123753
94521,123747
44203,123744
20170,123708
98226,123705
7304,123699
80016,123657
49442,123642
94121,123609
95380,123603
95678,123576
2895,123558
54115,123534
70506,123489
94901,123471
8902,123459
30458,123417
37087,123396
94066,123390
1085,123351
85338,123345
1970,123327
14450,123312
93706,123261
92236,123249
48038,123171
99362,123168
11367,123141
75050,123123
44870,123090
30736,123087
48188,123075
47401,123033
19082,122991
98801,122931
91913,122913
85042,122886
60652,122877
18974,122859
90059,122856
19805,122811
72712,122799
10475,122793
90007,122760
60636,122748
99504,122742
65803,122706
45231,122679
97080,122664
94566,122652
1453,122649
96786,122577
7202,122547
48060,122493
77060,122490
93311,122487
754,122484
34741,122484
10801,122481
98223,122445
75044,122433
94134,122394
11040,122346
86001,122328
29073,122325
56560,122298
27513,122265
33461,122244
92009,122241
40216,122238
94010,122211
84081,122196
14701,122190
93726,122115
27909,122097
20120,122085
777,122052
7032,122052
33014,121962
78748,121953
19136,121941
44109,121938
79925,121923
53218,121875
60615,121809
91016,121794
48706,121788
95991,121779
78258,121758
97702,121749
32746,121713
23803,121626
45324,121587
94025,121578
60565,121572
97401,121563
80239,121536
2128,121524
40356,121509
96782,121488
85086,121485
77705,121425
78582,121365
85382,121362
30019,121341
44118,121314
87109,121296
55379,121248
98034,121221
34997,121215
38116,121212
78213,121188
30152,121179
77388,121152
85051,121125
92054,121125
16001,121113
11205,121098
20852,121095
29210,121068
1420,121011
63304,121008
90605,120993
91387,120984
676,120948
90804,120933
31313,120906
95132,120897
89032,120891
18702,120885
94531,120870
96701,120843
78216,120801
92374,120801
46514,120789
769,120744
30606,120675
95757,120666
11704,120666
54220,120660
95628,120588
64118,120573
97305,120528
19460,120462
15108,120459
70003,120450
52402,120447
27530,120351
11580,120339
48911,120333
44105,120267
90278,120213
79915,120171
20747,120162
33160,120159
30701,120159
37343,120126
37660,120114
29150,120093
76542,120075
14215,119997
49504,119982
30165,119925
48170,119889
30605,119856
37043,119835
8094,119820
60062,119808
60107,119781
89104,119727
6106,119706
8857,119694
14224,119667
70058,119661
1040,119640
35401,119634
73034,119616
30294,119595
85205,119574
57106,119556
29203,119529
92308,119511
62704,119493
95621,119457
98092,119448
30519,119436
60446,119421
27292,119361
72701,119346
44111,119334
7666,119328
84020,119295
95404,119283
97230,119256
90815,119199
85379,119196
80010,119184
27893,119169
98837,119166
89148,119136
7011,119130
10301,119118
80126,119094
11370,119064
46383,119061
28306,119049
739,119034
23602,119028
10455,118995
83605,118947
94403,118926
30815,118920
32835,118899
83704,118884
46237,118872
8820,118770
28105,118758
27105,118704
59101,118686
29687,118683
6484,118677
76210,118668
8401,118662
11801,118659
80501,118563
85323,118521
13021,118518
1915,118506
91367,118497
33178,118467
95209,118464
90045,118440
92545,118371
34221,118371
78537,118362
43615,118323
65201,118251
48047,118245
90604,118221
98204,118140
80401,118134
47909,118119
97233,118101
33169,118059
95407,118056
77375,118053
27320,118053
90802,118041
33009,118023
93534,118023
92127,118011
90031,117948
75051,117855
91401,117855
78415,117813
983,117702
33610,117666
77057,117624
21220,117597
78209,117591
19701,117582
60193,117564
27519,117534
94117,117507
23225,117507
7712,117474
11357,117450
49508,117444
84770,117393
38115,117387
11421,117381
60101,117357
61201,117348
60025,117315
37620,117306
29621,117303
78230,117267
37920,117261
32935,117246
70056,117246
92555,117228
92231,117219
79762,117168
17403,117126
48212,117114
29526,117099
93292,117096
79424,117069
94605,117048
79927,117048
44720,117030
95210,117027
55113,116982
76112,116979
89015,116979
8012,116976
70570,116961
60074,116955
10583,116946
6513,116934
91701,116928
90020,116901
55119,116898
37128,116898
68516,116868
46203,116850
41017,116820
32224,116802
85286,116790
38002,116781
32073,116760
10952,116751
11413,116736
47905,116730
42303,116727
10034,116724
1801,116709
27526,116682
78759,116673
11106,116625
85017,116616
46385,116598
21702,116541
19426,116493
80537,116463
43065,116463
96707,116451
27215,116421
77539,116418
54701,116409
44134,116400
95762,116391
20748,116376
15068,116355
11103,116340
10705,116331
93635,116328
26505,116316
97202,116286
44224,116226
28358,116214
23188,116199
48221,116181
60462,116169
95129,116160
97219,116127
43224,116097
20706,116076
46368,116073
74055,116040
75019,115998
97303,115989
87108,115941
70737,115929
48154,115926
20743,115863
90029,115851
11369,115845
33139,115839
87110,115761
60067,115755
28092,115710
30228,115707
80920,115707
94804,115677
94578,115674
60110,115671
20001,115653
28806,115650
33428,115644
13501,115638
46140,115629
94582,115611
1752,115497
63122,115485
43235,115479
21804,115473
92620,115458
32256,115449
34983,115440
91776,115425
21236,115422
34655,115392
28212,115371
71111,115368
72756,115365
19808,115326
43147,115320
32404,115275
30319,115269
11779,115263
48601,115218
771,115182
89506,115137
27030,115122
40299,115113
8844,115101
10573,115056
46410,115020
85295,114996
85730,114969
94118,114957
48104,114945
7731,114912
21045,114864
34952,114855
44124,114846
49203,114840
92591,114816
33908,114753
34748,114738
90808,114696
22903,114687
8618,114687
76108,114681
6460,114621
646,114597
44120,114588
42420,114576
48198,114558
30809,114504
84065,114504
60477,114483
93552,114474
13601,114474
98501,114399
11554,114396
60624,114315
60659,114312
60133,114309
48146,114294
46254,114285
77009,114282
65109,114270
30120,114255
21042,114228
91942,114207
95205,114207
40219,114096
767,114057
78589,114012
18966,113997
70001,113988
77502,113985
84660,113985
85044,113979
28376,113973
22801,113967
70810,113940
72076,113937
8807,113916
75165,113898
83401,113898
49684,113889
27330,113841
60031,113841
95695,113838
21784,113823
44240,113781
60504,113757
84123,113700
55407,113643
75042,113643
33322,113574
99507,113550
92337,113547
30680,113511
98277,113469
32137,113463
91205,113430
60137,113415
33880,113394
52404,113388
80221,113337
921,113289
24153,113283
55110,113277
20164,113241
93637,113229
85021,113229
60610,113178
95926,113175
46038,113169
87144,113157
80906,113157
54901,113130
53221,113103
22033,113073
90005,113043
33172,112992
35405,112983
7107,112950
85015,112932
60090,112899
46901,112899
92307,112890
43017,112878
78028,112860
93305,112803
85233,112692
7753,112662
18017,112647
28262,112641
2920,112641
11358,112638
6360,112623
64804,112563
77339,112536
692,112533
45036,112512
34761,112500
39402,112476
88001,112452
60068,112425
30102,112410
95121,112407
2908,112401
95120,112371
33624,112371
33134,112368
20910,112335
84067,112332
8080,112299
93245,112236
32824,112203
32514,112197
40272,112182
77075,112164
85209,112131
85226,112128
94954,112095
98374,112080
86004,112014
10454,112011
37115,111948
34135,111945
28213,111927
94044,111888
95833,111879
61832,111870
28226,111858
62702,111843
11561,111840
85202,111825
85255,111810
77074,111801
20109,111795
92253,111786
45385,111741
84084,111741
83854,111735
34698,111720
30038,111699
27295,111633
94520,111624
31405,111621
1702,111618
13126,111615
83201,111597
60060,111567
60409,111558
92869,111552
85383,111546
91601,111540
92806,111519
75703,111498
60901,111471
88240,111447
28304,111441
77041,111438
10550,111432
85027,111420
17042,111399
97302,111393
34609,111387
49120,111366
21217,111333
77642,111333
71203,111315
92101,111285
30126,111264
98125,111243
95301,111219
75231,111156
97478,111033
83642,111024
85745,111018
43551,111006
95401,110943
52302,110940
92083,110925
33071,110892
61820,110892
27217,110862
78413,110859
39564,110856
11222,110802
78237,110787
89014,110766
21157,110760
32259,110751
12866,110745
85302,110727
85249,110724
97477,110622
60441,110607
89436,110601
94551,110601
90036,110595
78210,110595
36608,110592
30189,110577
40229,110556
97236,110556
29803,110529
63701,110436
65804,110403
85296,110397
45342,110352
30223,110307
8332,110304
95838,110292
30087,110283
91104,110253
48430,110214
90810,110205
93711,110193
95667,110178
73071,110133
85140,110133
80014,110130
93705,110109
38655,110097
33578,110079
97030,110079
11105,110064
38501,110061
90505,110034
94606,110016
84057,109998
98584,109890
95826,109884
38301,109839
98503,109833
37221,109830
4240,109776
84403,109746
98031,109743
19121,109716
90301,109704
94611,109695
91311,109671
783,109671
985,109659
15317,109605
60185,109581
94561,109545
95928,109533
48186,109518
48127,109503
29588,109497
6450,109479
23111,109470
77520,109467
6790,109446
3103,109428
21093,109395
85210,109392
92706,109371
93454,109344
55330,109320
71854,109314
24018,109296
32257,109290
93021,109266
94534,109248
35216,109224
77386,109221
77087,109197
77042,109155
51503,109128
91763,109125
32955,109122
98006,109092
17402,109080
27520,109071
7302,109056
2139,109047
63011,109041
2138,108942
49441,108924
75501,108894
32526,108891
14624,108888
53590,108882
89107,108846
64068,108840
28054,108810
19132,108804
11418,108768
75206,108744
94061,108735
20817,108720
19147,108684
70119,108684
50317,108621
63114,108603
89431,108567
28625,108567
37601,108546
95382,108528
28562,108528
92807,108513
60543,108468
38125,108450
39110,108429
97128,108423
48234,108420
27516,108417
91001,108378
8096,108348
45211,108333
61701,108315
6611,108273
75071,108270
70769,108252
95062,108237
95993,108201
33135,108198
85018,108195
28403,108189
85260,108168
60030,108168
21014,108141
91362,108135
75154,108123
75024,108117
72450,108099
33418,108051
21401,108036
89183,108015
78412,108009
98036,108000
78221,107970
78665,107955
61704,107943
77506,107931
23453,107880
33183,107847
7017,107835
49503,107820
33437,107814
95835,107808
95050,107769
60563,107766
30084,107763
98026,107763
60621,107736
23323,107718
54313,107691
77477,107691
7109,107691
77035,107688
80004,107676
46037,107673
11217,107643
19083,107634
99508,107571
50315,107559
62521,107553
29412,107550
33914,107544
32811,107475
88310,107328
11787,107316
84790,107310
36301,107277
89102,107277
63385,107250
2184,107232
730,107226
80909,107217
38671,107136
91711,107115
19063,107112
85756,107109
46902,107091
30115,107016
89128,107007
77571,106998
20032,106959
53051,106953
55987,106887
84401,106866
84088,106809
85339,106758
28412,106719
31705,106695
77489,106662
23220,106635
85203,106623
76522,106602
92821,106599
36330,106590
48239,106572
17404,106551
24401,106497
43201,106485
33604,106455
82001,106452
90049,106446
66048,106425
49507,106377
37209,106371
28117,106362
93405,106320
63010,106317
40291,106281
20735,106263
94590,106260
92065,106242
51501,106218
53211,106218
2130,106203
95476,106182
76106,106167
80003,106152
55423,106125
33317,106116
77382,106107
71360,106083
7024,106059
93612,106053
73170,106029
72762,106026
32707,106005
75077,105990
77065,105978
77469,105963
11566,105963
85392,105930
6040,105918
1545,105897
44601,105882
21701,105879
90277,105879
40391,105786
33141,105747
77471,105723
98908,105720
19128,105717
44094,105702
37076,105690
40517,105681
53188,105585
31909,105531
11722,105531
72143,105507
627,105477
90621,105459
29615,105453
53207,105447
90266,105405
45373,105393
19013,105390
92139,105375
2150,105372
78232,105360
19146,105339
60046,105333
19709,105321
32817,105315
12590,105306
46224,105282
75063,105270
70458,105231
30269,105207
79904,105180
33056,105177
38018,105177
30161,105174
19047,105168
19901,105165
20785,105156
12401,105120
30014,105111
27612,105084
72023,105078
55082,105072
34746,105066
85143,105045
76706,105045
92508,105000
93657,104997
80128,104964
11378,104943
97222,104937
77381,104883
75068,104802
28052,104796
73401,104781
90260,104772
738,104766
78573,104670
46033,104667
91321,104646
11412,104646
58201,104640
37207,104640
32216,104628
53132,104589
6053,104589
34203,104586
32714,104586
94583,104577
95128,104508
20901,104496
46220,104490
29407,104481
73120,104472
11379,104463
71106,104442
70508,104430
99206,104406
92660,104391
91739,104382
77073,104370
48035,104364
61401,104364
77024,104325
85208,104286
52722,104262
64801,104259
30350,104220
95691,104211
92675,104193
85635,104181
53214,104175
92240,104166
28214,104163
30238,104139
46060,104124
15701,104112
31602,104106
23231,104055
1604,104031
63901,103995
68104,103992
18951,103953
76248,103941
80916,103920
93561,103890
32780,103884
93012,103851
21244,103833
83440,103830
78109,103809
17011,103758
98198,103752
33619,103743
15235,103740
74014,103737
17013,103725
28311,103701
30060,103686
48910,103680
11364,103665
39047,103617
91768,103611
47802,103596
30046,103569
27704,103551
14612,103545
11710,103488
29607,103461
57103,103440
95820,103440
92672,103392
98059,103389
53154,103353
78749,103347
30005,103326
35601,103302
94401,103287
44512,103272
47630,103269
19606,103248
29605,103242
91722,103227
30045,103206
86314,103203
85251,103170
60139,103143
95688,103137
75701,103119
98203,103062
71603,103029
28115,103017
98033,103014
91780,102996
20877,102963
61008,102933
32209,102915
77063,102897
30117,102888
30180,102822
80017,102810
65301,102801
98366,102774
37604,102735
17055,102711
98604,102696
83501,102690
30132,102645
97526,102615
55016,102612
92831,102612
23228,102594
39042,102594
19154,102588
91340,102564
76513,102516
28208,102501
75081,102468
94555,102429
27127,102414
11102,102399
19904,102396
45701,102366
78552,102333
33030,102330
75069,102324
47714,102321
70068,102303
91007,102285
33032,102264
79763,102237
62526,102225
72956,102222
76014,102216
60451,102189
44122,102171
46222,102132
16101,102126
97322,102117
75224,102102
75904,102012
10026,102009
94124,101988
95765,101922
77338,101913
10035,101907
63119,101907
31406,101895
98444,101868
29910,101862
48313,101856
80210,101838
80031,101796
95340,101793
46219,101790
21208,101751
48105,101715
6824,101700
85016,101688
53219,101640
16601,101610
96001,101595
64055,101574
30315,101571
98032,101559
33013,101556
17112,101550
43110,101541
60169,101541
32506,101538
79107,101532
80601,101499
53066,101490
60007,101460
33844,101412
77076,101409
14621,101406
71107,101400
21136,101343
64133,101340
716,101337
683,101316
98030,101307
62301,101274
94404,101247
62025,101244
77092,101235
33801,101223
23832,101217
49341,101211
98168,101202
89142,101193
88220,101175
78516,101166
97527,101139
91326,101124
33309,101115
67846,101088
37643,101067
77406,101046
77034,101034
77320,101034
76021,101019
32566,101013
80227,101001
30215,100995
46112,100986
23321,100959
79720,100920
85138,100899
34743,100896
30338,100851
55433,100839
46835,100812
40515,100785
53186,100776
25801,100770
44266,100743
54311,100740
44095,100737
94523,100707
21230,100704
30705,100698
49855,100683
85132,100668
92543,100665
97756,100662
95821,100650
21225,100635
7501,100629
8016,100620
22042,100611
79705,100608
21227,100602
80220,100587
1852,100524
46516,100503
72758,100461
22201,100428
60612,100416
23224,100383
85048,100347
76180,100332
12901,100317
62234,100290
92373,100269
44004,100263
23060,100251
60076,100245
80521,100227
75126,100188
2864,100188
84096,100188
75248,100185
89509,100185
14225,100155
84106,100152
86442,100146
84037,100107
93955,100077
91350,100044
11231,100008
29209,99972
96740,99963
28348,99921
32207,99918
97266,99900
96002,99894
84116,99891
2125,99885
19152,99879
20886,99846
3038,99807
39212,99789
8759,99789
75075,99786
13502,99771
91750,99747
49426,99732
92394,99711
44121,99660
22309,99660
8757,99651
27205,99648
27103,99624
19115,99621
36830,99603
1810,99603
37922,99540
53402,99522
85206,99462
59701,99441
33173,99423
34208,99363
91773,99357
19116,99336
40220,99327
19135,99273
23831,99237
37814,99213
91206,99195
28607,99177
30078,99171
11510,99144
94115,99063
89130,99045
70118,99024
3301,99024
34293,99003
45503,98997
85741,98994
19601,98994
94040,98988
93001,98970
57702,98940
95341,98901
27609,98892
75214,98850
28677,98820
91107,98820
77090,98790
6614,98787
76039,98775
44070,98706
33040,98673
33351,98670
31904,98613
94952,98574
21703,98562
79707,98562
85716,98559
85020,98550
92841,98535
32812,98532
18015,98496
90062,98463
915,98460
17050,98445
93060,98433
48073,98394
3104,98394
55311,98364
92131,98361
1760,98358
33710,98340
98155,98334
32065,98310
37160,98232
91754,98226
2302,98223
70605,98223
21213,98199
31601,98190
44145,98187
40165,98178
92301,98175
48312,98160
76904,98154
29063,98151
39532,98148
98290,98142
48423,98124
62002,98112
7103,98094
77004,98076
48640,98070
28792,98067
11433,98061
33594,98031
73110,97998
85712,97998
24112,97938
71291,97932
29650,97896
35630,97887
77096,97884
682,97845
92679,97833
2816,97833
687,97830
91355,97815
39180,97809
33410,97710
77017,97683
93555,97680
22901,97596
78570,97575
55369,97572
33174,97572
20016,97557
10309,97557
77351,97551
72204,97515
70808,97512
37110,97485
29841,97482
98056,97467
32547,97455
17522,97449
92649,97389
55443,97386
7410,97371
56301,97302
961,97287
91325,97251
91791,97242
18018,97239
19002,97236
46260,97218
55024,97218
90606,97188
35244,97170
70601,97152
65401,97149
20165,97149
72209,97128
53142,97125
40509,97092
91351,97086
48021,97059
44805,97035
39120,97002
90008,96981
22306,96978
21212,96966
11793,96894
79416,96888
84606,96873
15401,96864
29550,96852
23229,96849
79423,96831
48642,96831
19138,96819
10065,96810
53216,96792
8648,96789
48209,96786
97404,96765
37363,96732
52240,96690
60098,96684
43560,96678
19087,96675
56601,96675
30311,96654
71730,96639
32810,96630
63125,96603
60102,96579
29579,96540
24540,96510
78217,96495
2368,96474
33060,96462
34667,96432
80231,96381
55406,96336
27514,96330
60302,96324
33435,96312
90504,96306
11735,96294
66212,96288
98404,96258
32114,96252
21216,96213
6489,96201
48917,96186
22079,96177
49686,96168
60517,96114
90803,96093
27511,96087
2472,96042
32503,96033
32940,95997
33613,95970
53151,95961
28079,95937
48089,95934
98513,95925
6770,95925
90601,95922
23860,95910
15001,95892
28411,95886
10014,95877
95973,95871
30542,95838
78211,95832
95118,95796
33133,95778
10022,95772
23059,95757
44312,95757
78218,95751
98001,95733
76903,95715
92311,95682
30274,95679
21144,95652
29414,95649
49546,95640
89002,95640
32312,95607
90222,95607
93703,95604
14086,95541
10010,95502
32724,95478
34209,95448
49022,95442
95482,95424
95842,95418
2127,95397
40511,95394
85213,95391
10562,95388
30341,95379
43040,95370
85335,95361
91941,95337
30344,95328
90230,95298
46123,95262
92260,95259
80241,95238
48238,95229
68521,95199
48124,95196
91006,95145
30265,95139
30092,95112
82009,95109
33813,95094
70115,95085
93101,95049
92116,95040
70094,95007
80524,95004
37803,95004
95358,95004
40218,94974
50265,94959
61032,94953
98002,94941
61604,94941
98662,94932
8723,94923
92220,94914
13027,94911
2038,94905
43613,94905
60050,94860
93940,94845
95361,94830
72120,94830
19038,94785
30068,94785
50158,94773
8046,94761
80211,94749
75229,94713
59715,94701
88203,94683
95662,94674
95337,94671
76502,94635
20707,94614
50322,94590
28270,94575
10956,94563
27614,94548
48174,94545
37086,94539
90712,94497
80204,94479
84601,94458
45103,94455
31204,94446
90807,94443
28273,94434
35226,94413
96815,94410
54729,94407
32807,94395
47711,94371
98122,94362
22980,94353
22701,94332
21742,94332
55109,94332
97217,94314
59405,94314
72032,94308
14534,94278
28056,94254
80260,94236
33143,94221
99163,94212
94603,94209
6811,94200
78242,94185
45150,94182
19141,94128
93422,94125
89523,94119
39208,94113
77066,94098
98117,94095
27534,94092
60202,94083
71112,94074
70501,94074
49506,94062
66614,94062
62269,94044
84405,94044
73119,94041
78705,94020
43402,93981
33156,93945
95901,93942
43016,93918
7106,93894
28409,93888
77535,93885
67203,93861
22153,93855
45417,93843
77079,93840
33756,93825
85023,93822
34683,93804
43221,93795
48322,93795
33326,93771
77045,93765
97211,93762
30094,93732
46342,93732
6340,93726
7208,93657
1701,93651
64015,93651
49505,93648
18704,93618
33905,93609
70817,93576
12020,93576
641,93573
87107,93549
94102,93528
48152,93519
98038,93513
60525,93504
89149,93429
53208,93399
70433,93399
29115,93384
94114,93372
97224,93366
30316,93330
48091,93318
60099,93312
90012,93309
94526,93306
34608,93297
3102,93288
77530,93258
95825,93252
92103,93198
80503,93192
15221,93180
74066,93180
34266,93165
29301,93153
95126,93147
97203,93126
7740,93114
46131,93108
80027,93102
31404,93072
48210,93051
83815,93045
87505,93039
85353,93033
32034,93024
91423,92973
92881,92973
719,92970
971,92958
34232,92907
31210,92904
17815,92901
46201,92886
37312,92886
47403,92865
94063,92847
77044,92847
73112,92829
59801,92820
61801,92811
80226,92790
85704,92787
48504,92778
46151,92763
22207,92760
95356,92754
28303,92727
19114,92721
95377,92706
71270,92661
33462,92637
34758,92637
32208,92637
84107,92589
23503,92568
99207,92562
91792,92562
77007,92559
76016,92556
15213,92532
94588,92526
96826,92526
33180,92520
97267,92517
98683,92496
27502,92493
92316,92490
46235,92475
92551,92445
95348,92415
74820,92406
33460,92370
78539,92349
91505,92334
54880,92316
7747,92310
77301,92307
30033,92289
46544,92277
78244,92271
34653,92268
60174,92256
48446,92247
19026,92214
17111,92142
95660,92142
74403,92127
74136,92109
54401,92106
75041,92100
77536,92070
76013,92040
52761,92034
46526,92013
46241,92010
68701,92010
38135,91971
53546,91944
76117,91935
95966,91929
8003,91887
95070,91851
35810,91851
46530,91842
22312,91842
33904,91839
54302,91833
48236,91821
48507,91821
4103,91818
28752,91800
80911,91788
20111,91770
65101,91761
794,91755
43420,91737
29640,91722
11572,91722
6111,91686
45365,91683
20782,91680
85043,91680
77067,91677
67801,91677
7026,91665
35603,91635
84058,91620
98258,91572
49548,91572
6051,91557
47304,91548
70364,91509
32211,91503
81001,91494
94941,91488
85031,91479
98502,91473
79761,91464
91746,91455
75238,91449
77008,91446
89139,91431
54914,91425
60189,91416
21113,91407
8610,91404
78363,91389
76001,91380
43213,91332
92124,91329
61107,91317
37323,91317
26301,91305
24740,91305
76110,91302
76543,91290
11422,91275
60423,91269
53212,91248
30813,91245
46142,91239
19713,91224
44133,91182
14304,91167
68025,91128
77590,91122
91214,91068
8822,91062
73159,91050
42141,91047
30328,91044
75013,91041
78154,91041
55122,91038
7090,91014
62703,90999
50701,90972
91803,90966
98229,90963
6604,90939
85303,90930
1821,90930
77515,90927
46168,90927
22630,90876
2720,90861
21403,90807
76002,90807
34231,90804
96825,90789
77803,90756
75089,90753
1109,90750
47362,90729
98926,90717
93662,90711
27332,90708
92583,90708
50310,90663
95824,90663
52501,90660
45662,90657
36303,90651
77354,90645
37072,90645
98312,90609
93710,90606
17202,90600
1851,90570
67217,90558
11731,90552
61821,90522
11050,90513
75208,90513
34759,90510
98901,90507
23235,90495
10704,90495
78414,90495
72601,90489
32309,90477
29461,90423
20010,90414
80228,90414
29349,90387
13090,90372
32909,90360
48602,90357
13045,90336
74464,90333
36605,90333
40245,90327
54016,90324
32578,90324
60018,90297
79605,90294
63130,90252
70815,90225
7050,90222
55347,90207
95117,90201
57401,90183
21237,90177
80021,90153
91752,90141
48195,90141
14626,90123
3820,90117
55432,90081
48506,90057
53140,90051
30240,90042
34116,90015
68801,90015
26101,89997
21133,89994
11423,89961
55408,89943
32405,89940
98087,89928
81005,89925
84663,89925
45005,89889
21801,89883
14127,89883
44281,89862
12203,89856
43082,89838
90680,89835
76544,89829
75604,89802
60714,89793
70131,89745
70805,89727
60653,89724
69101,89712
22101,89661
19151,89649
45458,89640
30342,89637
94589,89628
38801,89613
94621,89610
6512,89583
12303,89571
91384,89565
78418,89562
92595,89553
44052,89550
58102,89550
7840,89547
99337,89535
8865,89520
33771,89517
50401,89511
99709,89490
27253,89481
2131,89478
30008,89466
85248,89463
65714,89454
33713,89436
55372,89433
77340,89427
74063,89424
22031,89385
24073,89379
96150,89376
95661,89373
17046,89370
80138,89358
80122,89349
93654,89328
89081,89322
21009,89298
60035,89289
44146,89283
33145,89274
33445,89262
33076,89253
32607,89250
98499,89250
40207,89235
669,89232
62226,89232
81212,89226
83706,89196
55021,89196
46062,89190
32084,89187
34207,89184
15236,89172
52601,89169
76123,89166
81007,89127
94545,89121
37830,89100
32720,89100
46312,89094
83687,89091
48071,89082
42003,89049
43612,89022
20853,89019
1020,89004
33702,88992
98445,88983
33407,88977
34205,88968
42071,88965
22314,88959
2893,88890
59105,88872
45215,88869
39209,88851
42104,88830
22310,88827
17022,88806
37217,88797
19142,88785
23513,88785
60426,88782
91731,88773
